{
  "root" : {
    "__class" : "RootNode",
    "children" : [
      {
        "__class" : "FrameNode",
        "aspectRatio" : null,
        "blendingEnabled" : 0,
        "blendingMode" : "normal",
        "bottom" : null,
        "centerAnchorX" : 0,
        "centerAnchorY" : 0,
        "children" : [
          {
            "__class" : "TextNode",
            "autoSize" : true,
            "bottom" : null,
            "centerAnchorX" : 0.49921874999999999,
            "centerAnchorY" : 0.46250000000000002,
            "codeOverrideEnabled" : false,
            "constraintsLocked" : false,
            "exportOptions" : [

            ],
            "height" : 64,
            "heightType" : 0,
            "id" : "uKHgVlXv0",
            "isTarget" : false,
            "left" : null,
            "locked" : false,
            "name" : null,
            "opacity" : 1,
            "originalid" : null,
            "parentid" : "l5GtkLnMy",
            "right" : null,
            "rotation" : 0,
            "styledText" : {
              "__class" : "StyledTextDraft",
              "blocks" : [
                {
                  "data" : {
                    "emptyStyle" : [
                      "COLOR:rgb(0, 0, 0)",
                      "LETTERSPACING:0",
                      "LINEHEIGHT:1.2",
                      "FONT:Montserrat-SemiBold",
                      "SIZE:54"
                    ]
                  },
                  "depth" : 0,
                  "entityRanges" : [

                  ],
                  "inlineStyleRanges" : [
                    {
                      "length" : 14,
                      "offset" : 0,
                      "style" : "COLOR:rgb(0, 0, 0)"
                    },
                    {
                      "length" : 14,
                      "offset" : 0,
                      "style" : "LETTERSPACING:0"
                    },
                    {
                      "length" : 14,
                      "offset" : 0,
                      "style" : "LINEHEIGHT:1.2"
                    },
                    {
                      "length" : 14,
                      "offset" : 0,
                      "style" : "FONT:Montserrat-SemiBold"
                    },
                    {
                      "length" : 14,
                      "offset" : 0,
                      "style" : "SIZE:54"
                    }
                  ],
                  "key" : "6keb5",
                  "text" : "Some gradients",
                  "type" : "unstyled"
                }
              ],
              "cached" : {
                "html" : "<div data-offset-key=\"6keb5-0-0\" class=\"public-DraftStyleDefault-block public-DraftStyleDefault-ltr\"><span data-offset-key=\"6keb5-0-0\" style=\"tab-size:4;font-family:&quot;Montserrat-SemiBold&quot;, &quot;Montserrat&quot;, serif;-webkit-text-fill-color:rgb(0, 0, 0);font-size:54px;letter-spacing:0px;line-height:1.2;font-weight:600\"><span data-text=\"true\">Some gradients<\/span><\/span><\/div>",
                "os" : "10_14",
                "size" : {
                  "height" : 64,
                  "width" : 443
                },
                "width" : 0
              },
              "entityMap" : {

              }
            },
            "top" : 190,
            "visible" : true,
            "width" : 443,
            "widthType" : 0,
            "x" : 126,
            "y" : 96
          },
          {
            "__class" : "FrameNode",
            "aspectRatio" : 1,
            "blendingEnabled" : 0,
            "blendingMode" : "normal",
            "bottom" : null,
            "centerAnchorX" : 0.49921874999999999,
            "centerAnchorY" : 0.484375,
            "children" : [

            ],
            "clip" : false,
            "codeOverrideEnabled" : true,
            "codeOverrideFile" : ".\/Bubble.tsx",
            "codeOverrideIdentifier" : ".\/Bubble.tsx_Hover",
            "codeOverrideName" : "Hover",
            "constraintsLocked" : false,
            "deviceType" : null,
            "exportOptions" : [

            ],
            "fillColor" : "rgba(0, 153, 255, 0.5)",
            "fillEnabled" : true,
            "fillImage" : null,
            "fillImagePixelHeight" : null,
            "fillImagePixelWidth" : null,
            "fillImageResize" : "fill",
            "fillLinearGradient" : {
              "__class" : "LinearGradient",
              "alpha" : 1,
              "angle" : 180,
              "stops" : [
                {
                  "__class" : "GradientColorStop",
                  "position" : 0,
                  "value" : "hsl(205, 70%, 57%)"
                },
                {
                  "__class" : "GradientColorStop",
                  "position" : 1,
                  "value" : "hsl(255, 74%, 21%)"
                }
              ]
            },
            "fillRadialGradient" : {
              "__class" : "RadialGradient",
              "alpha" : 1,
              "centerAnchorX" : 0.63600000000000001,
              "centerAnchorY" : 0.67000000000000004,
              "heightFactor" : 0.5,
              "stops" : [
                {
                  "__class" : "GradientColorStop",
                  "position" : 0,
                  "value" : "hsl(205, 70%, 57%)"
                },
                {
                  "__class" : "GradientColorStop",
                  "position" : 1,
                  "value" : "hsl(255, 74%, 21%)"
                }
              ],
              "widthFactor" : 0.63500000000000001
            },
            "fillType" : "radial-gradient",
            "height" : 213,
            "heightType" : 0,
            "id" : "Kwc6y60L8",
            "intrinsicHeight" : null,
            "intrinsicWidth" : null,
            "isExternalMaster" : null,
            "isMaster" : false,
            "isTarget" : false,
            "left" : null,
            "locked" : false,
            "name" : null,
            "navigationTarget" : null,
            "navigationTransition" : "push",
            "navigationTransitionBackdropColor" : "rgba(4,4,15,.4)",
            "navigationTransitionDirection" : "left",
            "opacity" : 1,
            "originalid" : null,
            "parentid" : "l5GtkLnMy",
            "previewSettings" : null,
            "radius" : 107,
            "radiusBottomLeft" : 107,
            "radiusBottomRight" : 107,
            "radiusIsRelative" : false,
            "radiusPerCorner" : false,
            "radiusTopLeft" : 107,
            "radiusTopRight" : 107,
            "replicaInfo" : null,
            "right" : null,
            "rotation" : 180,
            "top" : 126,
            "visible" : true,
            "width" : 213,
            "widthType" : 0
          },
          {
            "__class" : "FrameNode",
            "aspectRatio" : null,
            "blendingEnabled" : 0,
            "blendingMode" : "normal",
            "bottom" : 87,
            "centerAnchorX" : 0.50234374999999998,
            "centerAnchorY" : 0.7739583333333333,
            "children" : [
              {
                "__class" : "ShapeContainerNode",
                "autoSize" : true,
                "bottom" : null,
                "centerAnchorX" : 0.5,
                "centerAnchorY" : 0.5,
                "children" : [
                  {
                    "__class" : "OvalShapeNode",
                    "aspectRatio" : null,
                    "exportOptions" : [

                    ],
                    "fillColor" : "#CCC",
                    "fillEnabled" : true,
                    "fillImage" : null,
                    "fillImagePixelHeight" : null,
                    "fillImagePixelWidth" : null,
                    "fillImageResize" : "fill",
                    "fillLinearGradient" : {
                      "__class" : "LinearGradient",
                      "alpha" : 1,
                      "angle" : 180,
                      "stops" : [
                        {
                          "__class" : "GradientColorStop",
                          "position" : 0,
                          "value" : "hsl(244, 65%, 19%)"
                        },
                        {
                          "__class" : "GradientColorStop",
                          "position" : 1,
                          "value" : "rgba(15, 17, 98, 0)"
                        }
                      ]
                    },
                    "fillRadialGradient" : {
                      "__class" : "RadialGradient",
                      "alpha" : 1,
                      "centerAnchorX" : 0.5,
                      "centerAnchorY" : 0.5,
                      "heightFactor" : 0.5,
                      "stops" : [
                        {
                          "__class" : "GradientColorStop",
                          "position" : 0,
                          "value" : "hsl(244, 65%, 19%)"
                        },
                        {
                          "__class" : "GradientColorStop",
                          "position" : 1,
                          "value" : "rgba(15, 17, 98, 0)"
                        }
                      ],
                      "widthFactor" : 0.5
                    },
                    "fillType" : "radial-gradient",
                    "height" : 32,
                    "id" : "XtSohRdMv",
                    "locked" : false,
                    "name" : null,
                    "opacity" : 1,
                    "originalid" : null,
                    "parentid" : "OIUVQxusd",
                    "rotation" : 180,
                    "visible" : true,
                    "width" : 185,
                    "x" : 14,
                    "y" : 6.0000000000000604
                  }
                ],
                "constraintsLocked" : false,
                "deviceType" : null,
                "exportIncludesBackground" : false,
                "exportOptions" : [

                ],
                "fillColor" : "rgb(255, 255, 255)",
                "fillEnabled" : false,
                "fillImage" : null,
                "fillImagePixelHeight" : null,
                "fillImagePixelWidth" : null,
                "fillImageResize" : "fill",
                "fillType" : "color",
                "height" : 43,
                "heightType" : 0,
                "id" : "OIUVQxusd",
                "left" : null,
                "locked" : false,
                "name" : null,
                "navigationTarget" : null,
                "navigationTransition" : "push",
                "navigationTransitionBackdropColor" : "rgba(4,4,15,.4)",
                "navigationTransitionDirection" : "left",
                "opacity" : 1,
                "originalid" : null,
                "parentid" : "fuMomAd67",
                "previewSettings" : null,
                "radius" : 0,
                "radiusBottomLeft" : 0,
                "radiusBottomRight" : 0,
                "radiusPerCorner" : false,
                "radiusTopLeft" : 0,
                "radiusTopRight" : 0,
                "right" : null,
                "sizeToFit" : false,
                "top" : null,
                "visible" : true,
                "width" : 213,
                "widthType" : 0
              }
            ],
            "clip" : false,
            "codeOverrideEnabled" : true,
            "codeOverrideFile" : ".\/Bubble.tsx",
            "codeOverrideIdentifier" : ".\/Bubble.tsx_ShadowScale",
            "codeOverrideName" : "ShadowScale",
            "constraintsLocked" : false,
            "deviceType" : null,
            "exportOptions" : [

            ],
            "fillColor" : "rgba(255,255,255,1)",
            "fillEnabled" : false,
            "fillImage" : null,
            "fillImagePixelHeight" : null,
            "fillImagePixelWidth" : null,
            "fillImageResize" : "fill",
            "fillType" : "color",
            "height" : 43,
            "heightType" : 0,
            "id" : "fuMomAd67",
            "intrinsicHeight" : null,
            "intrinsicWidth" : null,
            "isExternalMaster" : null,
            "isMaster" : false,
            "isTarget" : false,
            "left" : null,
            "locked" : false,
            "name" : null,
            "navigationTarget" : null,
            "navigationTransition" : "push",
            "navigationTransitionBackdropColor" : "rgba(4,4,15,.4)",
            "navigationTransitionDirection" : "left",
            "opacity" : 1,
            "originalid" : null,
            "parentid" : "l5GtkLnMy",
            "previewSettings" : null,
            "radius" : 0,
            "radiusBottomLeft" : 0,
            "radiusBottomRight" : 0,
            "radiusIsRelative" : false,
            "radiusPerCorner" : false,
            "radiusTopLeft" : 0,
            "radiusTopRight" : 0,
            "replicaInfo" : null,
            "right" : null,
            "rotation" : 0,
            "top" : null,
            "visible" : true,
            "width" : 213,
            "widthType" : 0
          }
        ],
        "clip" : true,
        "codeOverrideEnabled" : false,
        "constraintsLocked" : false,
        "deviceType" : null,
        "exportOptions" : [

        ],
        "fillColor" : "white",
        "fillEnabled" : true,
        "fillImage" : null,
        "fillImagePixelHeight" : null,
        "fillImagePixelWidth" : null,
        "fillImageResize" : "fill",
        "fillLinearGradient" : {
          "__class" : "LinearGradient",
          "alpha" : 1,
          "angle" : 233,
          "stops" : [
            {
              "__class" : "GradientColorStop",
              "position" : 0,
              "value" : "hsl(213, 70%, 57%)"
            },
            {
              "__class" : "GradientColorStop",
              "position" : 1,
              "value" : "hsl(255, 71%, 15%)"
            }
          ]
        },
        "fillRadialGradient" : {
          "__class" : "RadialGradient",
          "alpha" : 1,
          "centerAnchorX" : 0,
          "centerAnchorY" : 1,
          "heightFactor" : 1,
          "stops" : [
            {
              "__class" : "GradientColorStop",
              "position" : 0,
              "value" : "hsl(213, 70%, 57%)"
            },
            {
              "__class" : "GradientColorStop",
              "position" : 1,
              "value" : "hsl(255, 71%, 15%)"
            }
          ],
          "widthFactor" : 1
        },
        "fillType" : "radial-gradient",
        "height" : 480,
        "heightType" : 0,
        "id" : "l5GtkLnMy",
        "intrinsicHeight" : null,
        "intrinsicWidth" : null,
        "isExternalMaster" : null,
        "isMaster" : false,
        "isTarget" : false,
        "left" : -112,
        "locked" : false,
        "name" : null,
        "navigationTarget" : null,
        "navigationTransition" : "push",
        "navigationTransitionBackdropColor" : "rgba(4,4,15,.4)",
        "navigationTransitionDirection" : "left",
        "opacity" : 1,
        "originalid" : null,
        "parentid" : "pKz4MVsAT",
        "previewSettings" : null,
        "radius" : 0,
        "radiusBottomLeft" : 0,
        "radiusBottomRight" : 0,
        "radiusIsRelative" : false,
        "radiusPerCorner" : false,
        "radiusTopLeft" : 0,
        "radiusTopRight" : 0,
        "replicaInfo" : null,
        "right" : null,
        "rotation" : 0,
        "top" : -32,
        "visible" : true,
        "width" : 640,
        "widthType" : 0
      }
    ],
    "id" : "pKz4MVsAT",
    "name" : null,
    "originalid" : null,
    "parentid" : null,
    "tokens" : {

    },
    "tokensIndex" : [

    ],
    "visible" : false
  },
  "version" : 52
}